truncate table specialization cascade ;
alter sequence specialization_id_seq restart with 1;
insert into specialization (name) values ('Surgery');
insert into specialization (name) values ('Neurology');
insert into specialization (name) values ('Pediatrics');
insert into specialization (name) values ('Cardiology');
insert into specialization (name) values ('Dermatology');
insert into specialization (name) values ('Stomatology');
insert into specialization (name) values ('Terapevt');
insert into specialization (name) values ('Dermatolog');
insert into specialization (name) values ('Okulist');
insert into specialization (name) values ('Lor');

truncate table department cascade ;
alter sequence department_id_seq restart with 1;
insert into department (specialization_id, name, capacity) values (1, 'Cardiology', 10);
insert into department (specialization_id, name, capacity) values (2, 'Neurology', 10);
insert into department (specialization_id, name, capacity) values (3, 'Orthopedics', 10);
insert into department (specialization_id, name, capacity) values (4, 'Pediatrics', 10);
insert into department (specialization_id, name, capacity) values (5, 'Dermatology', 10);

truncate table staff cascade ;
alter sequence staff_id_seq restart with 1;
truncate table staff_change cascade ;
insert into staff (passport_series, passport_number, name, second_name, phone, salary, department_id, position) values ('1234', '123456', 'name0', 'second_name0', '77777777777', 50000, 1, 'DOCTOR');
insert into staff_change (staff_id, change_field, before, after) values(1, 'SALARY', null, 50000);
insert into staff_change (staff_id, change_field, before, after) values(1, 'POSITION', null, 'DOCTOR');
insert into staff_change (staff_id, change_field, before, after) values(1, 'DEPARTMENT', null, 1);
insert into staff (passport_series, passport_number, name, second_name, phone, salary, department_id, position) values ('1235', '123457', 'name1', 'second_name1', '77777777778', 52000, 2, 'DOCTOR');
insert into staff_change (staff_id, change_field, before, after) values(2, 'SALARY', null, 52000);
insert into staff_change (staff_id, change_field, before, after) values(2, 'POSITION', null, 'DOCTOR');
insert into staff_change (staff_id, change_field, before, after) values(2, 'DEPARTMENT', null, 2);
insert into staff (passport_series, passport_number, name, second_name, phone, salary, department_id, position) values ('1236', '123458', 'name2', 'second_name2', '77777777779', 54000, 3, 'DOCTOR');
insert into staff_change (staff_id, change_field, before, after) values(3, 'SALARY', null, 54000);
insert into staff_change (staff_id, change_field, before, after) values(3, 'POSITION', null, 'DOCTOR');
insert into staff_change (staff_id, change_field, before, after) values(3, 'DEPARTMENT', null, 3);
insert into staff (passport_series, passport_number, name, second_name, phone, salary, department_id, position) values ('1237', '123459', 'name3', 'second_name3', '77777777780', 56000, 4, 'DOCTOR');
insert into staff_change (staff_id, change_field, before, after) values(4, 'SALARY', null, 56000);
insert into staff_change (staff_id, change_field, before, after) values(4, 'POSITION', null, 'DOCTOR');
insert into staff_change (staff_id, change_field, before, after) values(4, 'DEPARTMENT', null, 4);
insert into staff (passport_series, passport_number, name, second_name, phone, salary, department_id, position) values ('1238', '123460', 'name4', 'second_name4', '77777777781', 58000, 5, 'DOCTOR');
insert into staff_change (staff_id, change_field, before, after) values(5, 'SALARY', null, 58000);
insert into staff_change (staff_id, change_field, before, after) values(5, 'POSITION', null, 'DOCTOR');
insert into staff_change (staff_id, change_field, before, after) values(5, 'DEPARTMENT', null, 5);
insert into staff (passport_series, passport_number, name, second_name, phone, salary, department_id, position) values ('1239', '123461', 'name5', 'second_name5', '77777777782', 60000, 1, 'DOCTOR');
insert into staff_change (staff_id, change_field, before, after) values(6, 'SALARY', null, 60000);
insert into staff_change (staff_id, change_field, before, after) values(6, 'POSITION', null, 'DOCTOR');
insert into staff_change (staff_id, change_field, before, after) values(6, 'DEPARTMENT', null, 1);
insert into staff (passport_series, passport_number, name, second_name, phone, salary, department_id, position) values ('1240', '123462', 'name6', 'second_name6', '77777777783', 62000, 2, 'DOCTOR');
insert into staff_change (staff_id, change_field, before, after) values(7, 'SALARY', null, 62000);
insert into staff_change (staff_id, change_field, before, after) values(7, 'POSITION', null, 'DOCTOR');
insert into staff_change (staff_id, change_field, before, after) values(7, 'DEPARTMENT', null, 2);
insert into staff (passport_series, passport_number, name, second_name, phone, salary, department_id, position) values ('1241', '123463', 'name7', 'second_name7', '77777777784', 64000, 3, 'DOCTOR');
insert into staff_change (staff_id, change_field, before, after) values(8, 'SALARY', null, 64000);
insert into staff_change (staff_id, change_field, before, after) values(8, 'POSITION', null, 'DOCTOR');
insert into staff_change (staff_id, change_field, before, after) values(8, 'DEPARTMENT', null, 3);
insert into staff (passport_series, passport_number, name, second_name, phone, salary, department_id, position) values ('1242', '123464', 'name8', 'second_name8', '77777777785', 66000, 4, 'DOCTOR');
insert into staff_change (staff_id, change_field, before, after) values(9, 'SALARY', null, 66000);
insert into staff_change (staff_id, change_field, before, after) values(9, 'POSITION', null, 'DOCTOR');
insert into staff_change (staff_id, change_field, before, after) values(9, 'DEPARTMENT', null, 4);
insert into staff (passport_series, passport_number, name, second_name, phone, salary, department_id, position) values ('1243', '123465', 'name9', 'second_name9', '77777777786', 68000, 5, 'DOCTOR');
insert into staff_change (staff_id, change_field, before, after) values(10, 'SALARY', null, 68000);
insert into staff_change (staff_id, change_field, before, after) values(10, 'POSITION', null, 'DOCTOR');
insert into staff_change (staff_id, change_field, before, after) values(10, 'DEPARTMENT', null, 5);
insert into staff (passport_series, passport_number, name, second_name, phone, salary, department_id, position) values ('1244', '123466', 'name10', 'second_name10', '77777777787', 70000, 1, 'DOCTOR');
insert into staff_change (staff_id, change_field, before, after) values(11, 'SALARY', null, 70000);
insert into staff_change (staff_id, change_field, before, after) values(11, 'POSITION', null, 'DOCTOR');
insert into staff_change (staff_id, change_field, before, after) values(11, 'DEPARTMENT', null, 1);
insert into staff (passport_series, passport_number, name, second_name, phone, salary, department_id, position) values ('1245', '123467', 'name11', 'second_name11', '77777777788', 72000, 2, 'DOCTOR');
insert into staff_change (staff_id, change_field, before, after) values(12, 'SALARY', null, 72000);
insert into staff_change (staff_id, change_field, before, after) values(12, 'POSITION', null, 'DOCTOR');
insert into staff_change (staff_id, change_field, before, after) values(12, 'DEPARTMENT', null, 2);
insert into staff (passport_series, passport_number, name, second_name, phone, salary, department_id, position) values ('1246', '123468', 'name12', 'second_name12', '77777777789', 74000, 3, 'DOCTOR');
insert into staff_change (staff_id, change_field, before, after) values(13, 'SALARY', null, 74000);
insert into staff_change (staff_id, change_field, before, after) values(13, 'POSITION', null, 'DOCTOR');
insert into staff_change (staff_id, change_field, before, after) values(13, 'DEPARTMENT', null, 3);
insert into staff (passport_series, passport_number, name, second_name, phone, salary, department_id, position) values ('1247', '123469', 'name13', 'second_name13', '77777777790', 76000, 4, 'DOCTOR');
insert into staff_change (staff_id, change_field, before, after) values(14, 'SALARY', null, 76000);
insert into staff_change (staff_id, change_field, before, after) values(14, 'POSITION', null, 'DOCTOR');
insert into staff_change (staff_id, change_field, before, after) values(14, 'DEPARTMENT', null, 4);
insert into staff (passport_series, passport_number, name, second_name, phone, salary, department_id, position) values ('1248', '123470', 'name14', 'second_name14', '77777777791', 78000, 5, 'DOCTOR');
insert into staff_change (staff_id, change_field, before, after) values(15, 'SALARY', null, 78000);
insert into staff_change (staff_id, change_field, before, after) values(15, 'POSITION', null, 'DOCTOR');
insert into staff_change (staff_id, change_field, before, after) values(15, 'DEPARTMENT', null, 5);
insert into staff (passport_series, passport_number, name, second_name, phone, salary, department_id, position) values ('1249', '123471', 'name15', 'second_name15', '77777777792', 80000, 1, 'DOCTOR');
insert into staff_change (staff_id, change_field, before, after) values(16, 'SALARY', null, 80000);
insert into staff_change (staff_id, change_field, before, after) values(16, 'POSITION', null, 'DOCTOR');
insert into staff_change (staff_id, change_field, before, after) values(16, 'DEPARTMENT', null, 1);
insert into staff (passport_series, passport_number, name, second_name, phone, salary, department_id, position) values ('1250', '123472', 'name16', 'second_name16', '77777777793', 82000, 2, 'DOCTOR');
insert into staff_change (staff_id, change_field, before, after) values(17, 'SALARY', null, 82000);
insert into staff_change (staff_id, change_field, before, after) values(17, 'POSITION', null, 'DOCTOR');
insert into staff_change (staff_id, change_field, before, after) values(17, 'DEPARTMENT', null, 2);
insert into staff (passport_series, passport_number, name, second_name, phone, salary, department_id, position) values ('1251', '123473', 'name17', 'second_name17', '77777777794', 84000, 3, 'DOCTOR');
insert into staff_change (staff_id, change_field, before, after) values(18, 'SALARY', null, 84000);
insert into staff_change (staff_id, change_field, before, after) values(18, 'POSITION', null, 'DOCTOR');
insert into staff_change (staff_id, change_field, before, after) values(18, 'DEPARTMENT', null, 3);
insert into staff (passport_series, passport_number, name, second_name, phone, salary, department_id, position) values ('1252', '123474', 'name18', 'second_name18', '77777777795', 86000, 4, 'DOCTOR');
insert into staff_change (staff_id, change_field, before, after) values(19, 'SALARY', null, 86000);
insert into staff_change (staff_id, change_field, before, after) values(19, 'POSITION', null, 'DOCTOR');
insert into staff_change (staff_id, change_field, before, after) values(19, 'DEPARTMENT', null, 4);
insert into staff (passport_series, passport_number, name, second_name, phone, salary, department_id, position) values ('1253', '123475', 'name19', 'second_name19', '77777777796', 88000, 5, 'DOCTOR');
insert into staff_change (staff_id, change_field, before, after) values(20, 'SALARY', null, 88000);
insert into staff_change (staff_id, change_field, before, after) values(20, 'POSITION', null, 'DOCTOR');
insert into staff_change (staff_id, change_field, before, after) values(20, 'DEPARTMENT', null, 5);
insert into staff (passport_series, passport_number, name, second_name, phone, salary, department_id, position) values ('1254', '123476', 'name20', 'second_name20', '77777777797', 90000, 1, 'DOCTOR');
insert into staff_change (staff_id, change_field, before, after) values(21, 'SALARY', null, 90000);
insert into staff_change (staff_id, change_field, before, after) values(21, 'POSITION', null, 'DOCTOR');
insert into staff_change (staff_id, change_field, before, after) values(21, 'DEPARTMENT', null, 1);
insert into staff (passport_series, passport_number, name, second_name, phone, salary, department_id, position) values ('1255', '123477', 'name21', 'second_name21', '77777777798', 92000, 2, 'DOCTOR');
insert into staff_change (staff_id, change_field, before, after) values(22, 'SALARY', null, 92000);
insert into staff_change (staff_id, change_field, before, after) values(22, 'POSITION', null, 'DOCTOR');
insert into staff_change (staff_id, change_field, before, after) values(22, 'DEPARTMENT', null, 2);
insert into staff (passport_series, passport_number, name, second_name, phone, salary, department_id, position) values ('1256', '123478', 'name22', 'second_name22', '77777777799', 94000, 3, 'DOCTOR');
insert into staff_change (staff_id, change_field, before, after) values(23, 'SALARY', null, 94000);
insert into staff_change (staff_id, change_field, before, after) values(23, 'POSITION', null, 'DOCTOR');
insert into staff_change (staff_id, change_field, before, after) values(23, 'DEPARTMENT', null, 3);
insert into staff (passport_series, passport_number, name, second_name, phone, salary, department_id, position) values ('1257', '123479', 'name23', 'second_name23', '77777777800', 96000, 4, 'DOCTOR');
insert into staff_change (staff_id, change_field, before, after) values(24, 'SALARY', null, 96000);
insert into staff_change (staff_id, change_field, before, after) values(24, 'POSITION', null, 'DOCTOR');
insert into staff_change (staff_id, change_field, before, after) values(24, 'DEPARTMENT', null, 4);
insert into staff (passport_series, passport_number, name, second_name, phone, salary, department_id, position) values ('1258', '123480', 'name24', 'second_name24', '77777777801', 98000, 5, 'DOCTOR');
insert into staff_change (staff_id, change_field, before, after) values(25, 'SALARY', null, 98000);
insert into staff_change (staff_id, change_field, before, after) values(25, 'POSITION', null, 'DOCTOR');
insert into staff_change (staff_id, change_field, before, after) values(25, 'DEPARTMENT', null, 5);
insert into staff (passport_series, passport_number, name, second_name, phone, salary, department_id, position) values ('1259', '123481', 'name25', 'second_name25', '77777777802', 100000, 1, 'DOCTOR');
insert into staff_change (staff_id, change_field, before, after) values(26, 'SALARY', null, 100000);
insert into staff_change (staff_id, change_field, before, after) values(26, 'POSITION', null, 'DOCTOR');
insert into staff_change (staff_id, change_field, before, after) values(26, 'DEPARTMENT', null, 1);
insert into staff (passport_series, passport_number, name, second_name, phone, salary, department_id, position) values ('1260', '123482', 'name26', 'second_name26', '77777777803', 102000, 2, 'DOCTOR');
insert into staff_change (staff_id, change_field, before, after) values(27, 'SALARY', null, 102000);
insert into staff_change (staff_id, change_field, before, after) values(27, 'POSITION', null, 'DOCTOR');
insert into staff_change (staff_id, change_field, before, after) values(27, 'DEPARTMENT', null, 2);
insert into staff (passport_series, passport_number, name, second_name, phone, salary, department_id, position) values ('1261', '123483', 'name27', 'second_name27', '77777777804', 104000, 3, 'DOCTOR');
insert into staff_change (staff_id, change_field, before, after) values(28, 'SALARY', null, 104000);
insert into staff_change (staff_id, change_field, before, after) values(28, 'POSITION', null, 'DOCTOR');
insert into staff_change (staff_id, change_field, before, after) values(28, 'DEPARTMENT', null, 3);
insert into staff (passport_series, passport_number, name, second_name, phone, salary, department_id, position) values ('1262', '123484', 'name28', 'second_name28', '77777777805', 106000, 4, 'DOCTOR');
insert into staff_change (staff_id, change_field, before, after) values(29, 'SALARY', null, 106000);
insert into staff_change (staff_id, change_field, before, after) values(29, 'POSITION', null, 'DOCTOR');
insert into staff_change (staff_id, change_field, before, after) values(29, 'DEPARTMENT', null, 4);
insert into staff (passport_series, passport_number, name, second_name, phone, salary, department_id, position) values ('1263', '123485', 'name29', 'second_name29', '77777777806', 108000, 5, 'DOCTOR');
insert into staff_change (staff_id, change_field, before, after) values(30, 'SALARY', null, 108000);
insert into staff_change (staff_id, change_field, before, after) values(30, 'POSITION', null, 'DOCTOR');
insert into staff_change (staff_id, change_field, before, after) values(30, 'DEPARTMENT', null, 5);
insert into staff (passport_series, passport_number, name, second_name, phone, salary, department_id, position) values ('1264', '123486', 'name30', 'second_name30', '77777777807', 70000, 1, 'DOCTOR');
insert into staff_change (staff_id, change_field, before, after) values(31, 'SALARY', null, 70000);
insert into staff_change (staff_id, change_field, before, after) values(31, 'POSITION', null, 'DOCTOR');
insert into staff_change (staff_id, change_field, before, after) values(31, 'DEPARTMENT', null, 1);
insert into staff (passport_series, passport_number, name, second_name, phone, salary, department_id, position) values ('1265', '123487', 'name31', 'second_name31', '77777777808', 80000, 2, 'ACCOUNTANT');
insert into staff_change (staff_id, change_field, before, after) values(32, 'SALARY', null, 80000);
insert into staff_change (staff_id, change_field, before, after) values(32, 'POSITION', null, 'ACCOUNTANT');
insert into staff_change (staff_id, change_field, before, after) values(32, 'DEPARTMENT', null, 2);
insert into staff (passport_series, passport_number, name, second_name, phone, salary, department_id, position) values ('1266', '123488', 'name32', 'second_name32', '77777777809', 90000, 3, 'CLEANER');
insert into staff_change (staff_id, change_field, before, after) values(33, 'SALARY', null, 90000);
insert into staff_change (staff_id, change_field, before, after) values(33, 'POSITION', null, 'CLEANER');
insert into staff_change (staff_id, change_field, before, after) values(33, 'DEPARTMENT', null, 3);
insert into staff (passport_series, passport_number, name, second_name, phone, salary, department_id, position) values ('1267', '123489', 'name33', 'second_name33', '77777777810', 100000, 4, 'ACCOUNTANT');
insert into staff_change (staff_id, change_field, before, after) values(34, 'SALARY', null, 100000);
insert into staff_change (staff_id, change_field, before, after) values(34, 'POSITION', null, 'ACCOUNTANT');
insert into staff_change (staff_id, change_field, before, after) values(34, 'DEPARTMENT', null, 4);
insert into staff (passport_series, passport_number, name, second_name, phone, salary, department_id, position) values ('1268', '123490', 'name34', 'second_name34', '77777777811', 110000, 5, 'CLEANER');
insert into staff_change (staff_id, change_field, before, after) values(35, 'SALARY', null, 110000);
insert into staff_change (staff_id, change_field, before, after) values(35, 'POSITION', null, 'CLEANER');
insert into staff_change (staff_id, change_field, before, after) values(35, 'DEPARTMENT', null, 5);
insert into staff (passport_series, passport_number, name, second_name, phone, salary, department_id, position) values ('1269', '123491', 'name35', 'second_name35', '77777777812', 120000, 1, 'ACCOUNTANT');
insert into staff_change (staff_id, change_field, before, after) values(36, 'SALARY', null, 120000);
insert into staff_change (staff_id, change_field, before, after) values(36, 'POSITION', null, 'ACCOUNTANT');
insert into staff_change (staff_id, change_field, before, after) values(36, 'DEPARTMENT', null, 1);
insert into staff (passport_series, passport_number, name, second_name, phone, salary, department_id, position) values ('1270', '123492', 'name36', 'second_name36', '77777777813', 130000, 2, 'CLEANER');
insert into staff_change (staff_id, change_field, before, after) values(37, 'SALARY', null, 130000);
insert into staff_change (staff_id, change_field, before, after) values(37, 'POSITION', null, 'CLEANER');
insert into staff_change (staff_id, change_field, before, after) values(37, 'DEPARTMENT', null, 2);
insert into staff (passport_series, passport_number, name, second_name, phone, salary, department_id, position) values ('1271', '123493', 'name37', 'second_name37', '77777777814', 140000, 3, 'ACCOUNTANT');
insert into staff_change (staff_id, change_field, before, after) values(38, 'SALARY', null, 140000);
insert into staff_change (staff_id, change_field, before, after) values(38, 'POSITION', null, 'ACCOUNTANT');
insert into staff_change (staff_id, change_field, before, after) values(38, 'DEPARTMENT', null, 3);
insert into staff (passport_series, passport_number, name, second_name, phone, salary, department_id, position) values ('1272', '123494', 'name38', 'second_name38', '77777777815', 150000, 4, 'CLEANER');
insert into staff_change (staff_id, change_field, before, after) values(39, 'SALARY', null, 150000);
insert into staff_change (staff_id, change_field, before, after) values(39, 'POSITION', null, 'CLEANER');
insert into staff_change (staff_id, change_field, before, after) values(39, 'DEPARTMENT', null, 4);
insert into staff (passport_series, passport_number, name, second_name, phone, salary, department_id, position) values ('1273', '123495', 'name39', 'second_name39', '77777777816', 160000, 5, 'ACCOUNTANT');
insert into staff_change (staff_id, change_field, before, after) values(40, 'SALARY', null, 160000);
insert into staff_change (staff_id, change_field, before, after) values(40, 'POSITION', null, 'ACCOUNTANT');
insert into staff_change (staff_id, change_field, before, after) values(40, 'DEPARTMENT', null, 5);

truncate table doctor cascade ;
alter sequence if exists doctor_id_seq restart with 1;
insert into doctor values (1, 1);
insert into doctor values (2, 2);
insert into doctor values (3, 3);
insert into doctor values (4, 4);
insert into doctor values (5, 5);
insert into doctor values (6, 1);
insert into doctor values (7, 2);
insert into doctor values (8, 3);
insert into doctor values (9, 4);
insert into doctor values (10, 5);
insert into doctor values (11, 1);
insert into doctor values (12, 2);
insert into doctor values (13, 3);
insert into doctor values (14, 4);
insert into doctor values (15, 5);
insert into doctor values (16, 1);
insert into doctor values (17, 2);
insert into doctor values (18, 3);
insert into doctor values (19, 4);
insert into doctor values (20, 5);

truncate table disease cascade ;
alter sequence disease_id_seq restart with 1;
insert into disease (name) values('disease1');
insert into disease (name) values('disease2');
insert into disease (name) values('disease3');
insert into disease (name) values('disease4');
insert into disease (name) values('disease5');
insert into disease (name) values('disease6');
insert into disease (name) values('disease7');
insert into disease (name) values('disease8');
insert into disease (name) values('disease9');
insert into disease (name) values('disease10');

truncate table patient cascade ;
alter sequence patient_id_seq restart with 1;
insert into patient (passport_series, passport_number, polis_number, name, second_name, phone) values ('1274', '123496', '1111111111111111', 'name40', 'second_name40', '77777777817');
insert into patient (passport_series, passport_number, polis_number, name, second_name, phone) values ('1275', '123497', '1111111111111112', 'name41', 'second_name41', '77777777818');
insert into patient (passport_series, passport_number, polis_number, name, second_name, phone) values ('1276', '123498', '1111111111111113', 'name42', 'second_name42', '77777777819');
insert into patient (passport_series, passport_number, polis_number, name, second_name, phone) values ('1277', '123499', '1111111111111114', 'name43', 'second_name43', '77777777820');
insert into patient (passport_series, passport_number, polis_number, name, second_name, phone) values ('1278', '123500', '1111111111111115', 'name44', 'second_name44', '77777777821');
insert into patient (passport_series, passport_number, polis_number, name, second_name, phone) values ('1279', '123501', '1111111111111116', 'name45', 'second_name45', '77777777822');
insert into patient (passport_series, passport_number, polis_number, name, second_name, phone) values ('1280', '123502', '1111111111111117', 'name46', 'second_name46', '77777777823');
insert into patient (passport_series, passport_number, polis_number, name, second_name, phone) values ('1281', '123503', '1111111111111118', 'name47', 'second_name47', '77777777824');
insert into patient (passport_series, passport_number, polis_number, name, second_name, phone) values ('1282', '123504', '1111111111111119', 'name48', 'second_name48', '77777777825');
insert into patient (passport_series, passport_number, polis_number, name, second_name, phone) values ('1283', '123505', '1111111111111120', 'name49', 'second_name49', '77777777826');
insert into patient (passport_series, passport_number, polis_number, name, second_name, phone) values ('1284', '123506', '1111111111111121', 'name50', 'second_name50', '77777777827');
insert into patient (passport_series, passport_number, polis_number, name, second_name, phone) values ('1285', '123507', '1111111111111122', 'name51', 'second_name51', '77777777828');
insert into patient (passport_series, passport_number, polis_number, name, second_name, phone) values ('1286', '123508', '1111111111111123', 'name52', 'second_name52', '77777777829');
insert into patient (passport_series, passport_number, polis_number, name, second_name, phone) values ('1287', '123509', '1111111111111124', 'name53', 'second_name53', '77777777830');
insert into patient (passport_series, passport_number, polis_number, name, second_name, phone) values ('1288', '123510', '1111111111111125', 'name54', 'second_name54', '77777777831');
insert into patient (passport_series, passport_number, polis_number, name, second_name, phone) values ('1289', '123511', '1111111111111126', 'name55', 'second_name55', '77777777832');
insert into patient (passport_series, passport_number, polis_number, name, second_name, phone) values ('1290', '123512', '1111111111111127', 'name56', 'second_name56', '77777777833');
insert into patient (passport_series, passport_number, polis_number, name, second_name, phone) values ('1291', '123513', '1111111111111128', 'name57', 'second_name57', '77777777834');
insert into patient (passport_series, passport_number, polis_number, name, second_name, phone) values ('1292', '123514', '1111111111111129', 'name58', 'second_name58', '77777777835');
insert into patient (passport_series, passport_number, polis_number, name, second_name, phone) values ('1293', '123515', '1111111111111130', 'name59', 'second_name59', '77777777836');
insert into patient (passport_series, passport_number, polis_number, name, second_name, phone) values ('1294', '123516', '1111111111111131', 'name60', 'second_name60', '77777777837');
insert into patient (passport_series, passport_number, polis_number, name, second_name, phone) values ('1295', '123517', '1111111111111132', 'name61', 'second_name61', '77777777838');
insert into patient (passport_series, passport_number, polis_number, name, second_name, phone) values ('1296', '123518', '1111111111111133', 'name62', 'second_name62', '77777777839');
insert into patient (passport_series, passport_number, polis_number, name, second_name, phone) values ('1297', '123519', '1111111111111134', 'name63', 'second_name63', '77777777840');
insert into patient (passport_series, passport_number, polis_number, name, second_name, phone) values ('1298', '123520', '1111111111111135', 'name64', 'second_name64', '77777777841');
insert into patient (passport_series, passport_number, polis_number, name, second_name, phone) values ('1299', '123521', '1111111111111136', 'name65', 'second_name65', '77777777842');
insert into patient (passport_series, passport_number, polis_number, name, second_name, phone) values ('1300', '123522', '1111111111111137', 'name66', 'second_name66', '77777777843');
insert into patient (passport_series, passport_number, polis_number, name, second_name, phone) values ('1301', '123523', '1111111111111138', 'name67', 'second_name67', '77777777844');
insert into patient (passport_series, passport_number, polis_number, name, second_name, phone) values ('1302', '123524', '1111111111111139', 'name68', 'second_name68', '77777777845');
insert into patient (passport_series, passport_number, polis_number, name, second_name, phone) values ('1303', '123525', '1111111111111140', 'name69', 'second_name69', '77777777846');
insert into patient (passport_series, passport_number, polis_number, name, second_name, phone) values ('1304', '123526', '1111111111111141', 'name70', 'second_name70', '77777777847');
insert into patient (passport_series, passport_number, polis_number, name, second_name, phone) values ('1305', '123527', '1111111111111142', 'name71', 'second_name71', '77777777848');
insert into patient (passport_series, passport_number, polis_number, name, second_name, phone) values ('1306', '123528', '1111111111111143', 'name72', 'second_name72', '77777777849');
insert into patient (passport_series, passport_number, polis_number, name, second_name, phone) values ('1307', '123529', '1111111111111144', 'name73', 'second_name73', '77777777850');
insert into patient (passport_series, passport_number, polis_number, name, second_name, phone) values ('1308', '123530', '1111111111111145', 'name74', 'second_name74', '77777777851');
insert into patient (passport_series, passport_number, polis_number, name, second_name, phone) values ('1309', '123531', '1111111111111146', 'name75', 'second_name75', '77777777852');
insert into patient (passport_series, passport_number, polis_number, name, second_name, phone) values ('1310', '123532', '1111111111111147', 'name76', 'second_name76', '77777777853');
insert into patient (passport_series, passport_number, polis_number, name, second_name, phone) values ('1311', '123533', '1111111111111148', 'name77', 'second_name77', '77777777854');
insert into patient (passport_series, passport_number, polis_number, name, second_name, phone) values ('1312', '123534', '1111111111111149', 'name78', 'second_name78', '77777777855');
insert into patient (passport_series, passport_number, polis_number, name, second_name, phone) values ('1313', '123535', '1111111111111150', 'name79', 'second_name79', '77777777856');
insert into patient (passport_series, passport_number, polis_number, name, second_name, phone) values ('1314', '123536', '1111111111111151', 'name80', 'second_name80', '77777777857');
insert into patient (passport_series, passport_number, polis_number, name, second_name, phone) values ('1315', '123537', '1111111111111152', 'name81', 'second_name81', '77777777858');
insert into patient (passport_series, passport_number, polis_number, name, second_name, phone) values ('1316', '123538', '1111111111111153', 'name82', 'second_name82', '77777777859');
insert into patient (passport_series, passport_number, polis_number, name, second_name, phone) values ('1317', '123539', '1111111111111154', 'name83', 'second_name83', '77777777860');
insert into patient (passport_series, passport_number, polis_number, name, second_name, phone) values ('1318', '123540', '1111111111111155', 'name84', 'second_name84', '77777777861');
insert into patient (passport_series, passport_number, polis_number, name, second_name, phone) values ('1319', '123541', '1111111111111156', 'name85', 'second_name85', '77777777862');
insert into patient (passport_series, passport_number, polis_number, name, second_name, phone) values ('1320', '123542', '1111111111111157', 'name86', 'second_name86', '77777777863');
insert into patient (passport_series, passport_number, polis_number, name, second_name, phone) values ('1321', '123543', '1111111111111158', 'name87', 'second_name87', '77777777864');
insert into patient (passport_series, passport_number, polis_number, name, second_name, phone) values ('1322', '123544', '1111111111111159', 'name88', 'second_name88', '77777777865');
insert into patient (passport_series, passport_number, polis_number, name, second_name, phone) values ('1323', '123545', '1111111111111160', 'name89', 'second_name89', '77777777866');
insert into patient (passport_series, passport_number, polis_number, name, second_name, phone) values ('1324', '123546', '1111111111111161', 'name90', 'second_name90', '77777777867');
insert into patient (passport_series, passport_number, polis_number, name, second_name, phone) values ('1325', '123547', '1111111111111162', 'name91', 'second_name91', '77777777868');
insert into patient (passport_series, passport_number, polis_number, name, second_name, phone) values ('1326', '123548', '1111111111111163', 'name92', 'second_name92', '77777777869');
insert into patient (passport_series, passport_number, polis_number, name, second_name, phone) values ('1327', '123549', '1111111111111164', 'name93', 'second_name93', '77777777870');
insert into patient (passport_series, passport_number, polis_number, name, second_name, phone) values ('1328', '123550', '1111111111111165', 'name94', 'second_name94', '77777777871');
insert into patient (passport_series, passport_number, polis_number, name, second_name, phone) values ('1329', '123551', '1111111111111166', 'name95', 'second_name95', '77777777872');
insert into patient (passport_series, passport_number, polis_number, name, second_name, phone) values ('1330', '123552', '1111111111111167', 'name96', 'second_name96', '77777777873');
insert into patient (passport_series, passport_number, polis_number, name, second_name, phone) values ('1331', '123553', '1111111111111168', 'name97', 'second_name97', '77777777874');
insert into patient (passport_series, passport_number, polis_number, name, second_name, phone) values ('1332', '123554', '1111111111111169', 'name98', 'second_name98', '77777777875');


truncate table disease_history cascade ;
insert into disease_history (patient_id, release_time, disease, doctor_which_set_disease, patient_status, current_doctor) values (1, null, 8, 18, 'OUT_TREATMENT', 18);
insert into disease_history (patient_id, release_time, disease, doctor_which_set_disease, patient_status, current_doctor) values (2, null, 4, 1, 'HEALTHY', 11);
insert into disease_history (patient_id, release_time, disease, doctor_which_set_disease, patient_status, current_doctor) values (3, null, 2, 19, 'SICK', 18);
insert into disease_history (patient_id, release_time, disease, doctor_which_set_disease, patient_status, current_doctor) values (4, null, 1, 11, 'SICK', 5);
insert into disease_history (patient_id, release_time, disease, doctor_which_set_disease, patient_status, current_doctor) values (5, null, 1, 15, 'OUT_TREATMENT', 4);
insert into disease_history (patient_id, release_time, disease, doctor_which_set_disease, patient_status, current_doctor) values (6, null, 5, 15, 'HEALTHY', 16);
insert into disease_history (patient_id, release_time, disease, doctor_which_set_disease, patient_status, current_doctor) values (7, null, 2, 13, 'OUT_TREATMENT', 3);
insert into disease_history (patient_id, release_time, disease, doctor_which_set_disease, patient_status, current_doctor) values (8, null, 5, 17, 'HEALTHY', 1);
insert into disease_history (patient_id, release_time, disease, doctor_which_set_disease, patient_status, current_doctor) values (9, null, 6, 15, 'ANOTHER_PLACE', 13);
insert into disease_history (patient_id, release_time, disease, doctor_which_set_disease, patient_status, current_doctor) values (10, null, 9, 16, 'SICK', 1);
insert into disease_history (patient_id, release_time, disease, doctor_which_set_disease, patient_status, current_doctor) values (11, null, 8, 14, 'OUT_TREATMENT', 19);
insert into disease_history (patient_id, release_time, disease, doctor_which_set_disease, patient_status, current_doctor) values (12, null, 3, 20, 'SICK', 7);
insert into disease_history (patient_id, release_time, disease, doctor_which_set_disease, patient_status, current_doctor) values (13, null, 1, 13, 'SICK', 11);
insert into disease_history (patient_id, release_time, disease, doctor_which_set_disease, patient_status, current_doctor) values (14, null, 10, 17, 'SICK', 15);
insert into disease_history (patient_id, release_time, disease, doctor_which_set_disease, patient_status, current_doctor) values (15, null, 5, 11, 'ANOTHER_PLACE', 16);
insert into disease_history (patient_id, release_time, disease, doctor_which_set_disease, patient_status, current_doctor) values (16, null, 9, 15, 'SICK', 17);
insert into disease_history (patient_id, release_time, disease, doctor_which_set_disease, patient_status, current_doctor) values (17, null, 4, 18, 'SICK', 12);
insert into disease_history (patient_id, release_time, disease, doctor_which_set_disease, patient_status, current_doctor) values (18, null, 7, 14, 'SICK', 15);
insert into disease_history (patient_id, release_time, disease, doctor_which_set_disease, patient_status, current_doctor) values (19, null, 6, 9, 'OUT_TREATMENT', 12);
insert into disease_history (patient_id, release_time, disease, doctor_which_set_disease, patient_status, current_doctor) values (20, null, 2, 5, 'SICK', 12);
insert into disease_history (patient_id, release_time, disease, doctor_which_set_disease, patient_status, current_doctor) values (21, null, 4, 9, 'SICK', 15);
insert into disease_history (patient_id, release_time, disease, doctor_which_set_disease, patient_status, current_doctor) values (22, null, 3, 8, 'ANOTHER_PLACE', 15);
insert into disease_history (patient_id, release_time, disease, doctor_which_set_disease, patient_status, current_doctor) values (23, null, 2, 18, 'SICK', 1);
insert into disease_history (patient_id, release_time, disease, doctor_which_set_disease, patient_status, current_doctor) values (24, null, 1, 6, 'SICK', 16);
insert into disease_history (patient_id, release_time, disease, doctor_which_set_disease, patient_status, current_doctor) values (25, null, 5, 20, 'SICK', 3);
insert into disease_history (patient_id, release_time, disease, doctor_which_set_disease, patient_status, current_doctor) values (26, null, 10, 5, 'OUT_TREATMENT', 19);
insert into disease_history (patient_id, release_time, disease, doctor_which_set_disease, patient_status, current_doctor) values (27, null, 4, 5, 'SICK', 17);
insert into disease_history (patient_id, release_time, disease, doctor_which_set_disease, patient_status, current_doctor) values (28, null, 4, 15, 'ANOTHER_PLACE', 16);
insert into disease_history (patient_id, release_time, disease, doctor_which_set_disease, patient_status, current_doctor) values (29, null, 10, 2, 'SICK', 18);
update disease_history set coming_time = now() - interval '2 days';
update disease_history set coming_time = now() - interval '2 months' where patient_id=7;
update disease_history set coming_time = now() - interval '1 months' where patient_id=8;
update disease_history set coming_time = now() - interval '3 months' where patient_id=9;
update disease_history set coming_time = now() - interval '5 months' where patient_id=10;
update disease_history set coming_time = now() - interval '4 months' where patient_id=11;
update disease_history set coming_time = now() - interval '2 months' where patient_id=12;
update disease_history set coming_time = now() - interval '5 months' where patient_id=13;
update disease_history set release_time = now() where patient_status != 'SICK'::patient_status_type;
update disease_history set release_time = now() + interval '1 days' where patient_status = 'OUT_TREATMENT'::patient_status_type;
update disease_history set release_time = now() + interval '10 minutes' where patient_status = 'ANOTHER_PLACE'::patient_status_type;

insert into staff_change (staff_id, change_type, before, after) values(1, 'EMPLOY', null, 'DOCTOR');
insert into staff_change (staff_id, change_type, before, after) values(2, 'EMPLOY', null, 'DOCTOR');
insert into staff_change (staff_id, change_type, before, after) values(3, 'EMPLOY', null, 'DOCTOR');
insert into staff_change (staff_id, change_type, before, after) values(4, 'EMPLOY', null, 'DOCTOR');